Customer_ID,Name,Email,City,State,Registration_Date
1,Aarna Banik,saiparmar@example.org,Gudivada,Sikkim,2025-05-25
2,Rishi Majumdar,vasudha08@example.org,Barasat,Jharkhand,2023-09-04
3,Warhi Shetty,borahradha@example.com,Jammu,Gujarat,2026-04-27
4,Isaiah Mital,vsalvi@example.net,Gurgaon,Himachal Pradesh,2024-02-08
5,Harish Sami,swaminathandiya@example.com,Phagwara,Assam,2025-05-05
6,Gavin Ranganathan,madanreyansh@example.org,Kharagpur,Mizoram,2023-06-21
7,Aarini Lala,kalaharsh@example.net,Guntakal,Tripura,2025-07-12
8,Jackson Krishnan,karanfalak@example.net,Bhavnagar,Haryana,2025-06-07
9,Deepa Krishna,ekta43@example.org,Malegaon,Manipur,2025-02-27
10,Gauri Pillay,rachitmanne@example.com,Gangtok,Uttar Pradesh,2026-04-08
11,Zarna Bhalla,mekhala82@example.com,Bhubaneswar,Himachal Pradesh,2026-03-02
12,Vritti Ganesh,ibose@example.net,Jalgaon,Madhya Pradesh,2026-03-23
13,Darpan Sachar,subramaniammegha@example.com,Durg,Haryana,2024-05-28
14,Upma Halder,abhimanyukar@example.com,Unnao,Tamil Nadu,2026-02-01
15,Finn Lata,sarahayer@example.com,Kirari Suleman Nagar,Odisha,2025-12-26
16,Isaac Padmanabhan,fmajumdar@example.com,Navi Mumbai,Meghalaya,2026-05-10
17,Damyanti Kar,sankarsamarth@example.org,Pudukkottai,Meghalaya,2025-12-09
18,Radhika Oommen,srivastavaraagini@example.org,Silchar,Odisha,2025-06-07
19,Guneet Gara,yuvrajmitter@example.net,Ahmednagar,Himachal Pradesh,2024-09-17
20,Kavya Soman,rishi29@example.org,Noida,Andhra Pradesh,2024-02-23
21,Anya Gill,borahxalak@example.org,Moradabad,Tamil Nadu,2025-11-08
22,Madhav Sheth,qgulati@example.org,Pune,Himachal Pradesh,2024-09-12
23,Sai Sule,chakradev46@example.org,Morbi,Sikkim,2024-02-26
24,Idika Zachariah,ngrover@example.net,Patna,West Bengal,2024-08-09
25,Neel Kumer,utaneja@example.net,Barasat,Bihar,2024-10-16
26,Ekbal Cherian,yauvani29@example.org,Bareilly,Punjab,2025-08-25
27,Gayathri Dutta,neel17@example.com,Eluru,Telangana,2025-03-15
28,Netra Deol,falan91@example.org,Amaravati,Madhya Pradesh,2025-07-18
29,Gautam Sharaf,rishi92@example.org,Katihar,Haryana,2024-08-16
30,Veer Suresh,kalpitdubey@example.net,Aligarh,Manipur,2025-06-18
31,Ayaan Choudhary,chaaya49@example.com,Ajmer,Uttarakhand,2025-11-09
32,Radhika Gole,lroy@example.org,Serampore,Uttar Pradesh,2026-03-29
33,Amrita More,jeremiahprabhu@example.org,Chennai,Telangana,2026-03-12
34,Pooja Srivastava,valaturvi@example.com,Kollam,Odisha,2026-04-07
35,Lucky Dave,farajgoswami@example.com,Jorhat,Chhattisgarh,2025-10-02
36,Kai Babu,bimalatalwar@example.com,Rohtak,Goa,2024-10-14
37,Indrajit Ravi,pantsiddharth@example.org,Bidhannagar,Himachal Pradesh,2026-01-05
38,Kiaan Loyal,radhakrishnanhemal@example.com,Coimbatore,Rajasthan,2024-09-08
39,Noah Hayer,wlata@example.org,Pali,Bihar,2024-07-20
40,Falguni Subramaniam,fmadan@example.com,Pali,Andhra Pradesh,2026-01-24
41,Gautam Bhat,etachander@example.org,Jaunpur,Himachal Pradesh,2024-10-17
42,Wridesh Nanda,zdani@example.com,Anantapur,Sikkim,2024-12-10
43,Dakshesh Luthra,bbhalla@example.org,Bhatpara,Uttar Pradesh,2024-08-15
44,Nandini Hari,yastiraman@example.com,Bhilai,Kerala,2025-03-13
45,Divya Lall,sarnavrinda@example.net,Mahbubnagar,Odisha,2024-04-29
46,Caleb Seth,loganagate@example.net,Chandigarh,Tamil Nadu,2024-09-26
47,Yashawini Ratta,rachita94@example.org,Korba,Tripura,2025-04-10
48,Samar Radhakrishnan,kbassi@example.org,Gandhidham,Tamil Nadu,2025-08-31
49,Chakradhar Pau,andrewsekhon@example.org,Hospet,Manipur,2024-03-08
50,Gopal Raja,ssaxena@example.org,Begusarai,Jharkhand,2024-01-23
51,Rishi Balakrishnan,nicholasdutt@example.org,Ahmedabad,Himachal Pradesh,2026-06-09
52,Ladli Lalla,pushti02@example.com,Sambhal,Chhattisgarh,2023-10-25
53,Lavanya Mammen,bumblila@example.org,Ujjain,Tripura,2024-04-16
54,Gayathri Som,mahikavala@example.net,Bettiah,Tamil Nadu,2023-10-08
55,Niharika Mammen,ladli27@example.org,Panchkula,Andhra Pradesh,2023-08-16
56,Farhan Hayer,mitaldevika@example.org,Burhanpur,Uttar Pradesh,2023-12-01
57,Chanakya Goyal,thomasthakkar@example.com,Aizawl,Karnataka,2025-09-16
58,Charan Mann,chanakya10@example.com,Nangloi Jat,Maharashtra,2023-07-05
59,Harshil Rao,urvashi40@example.org,Coimbatore,Arunachal Pradesh,2024-02-17
60,Ekantika Bhardwaj,mbehl@example.com,Yamunanagar,West Bengal,2024-12-05
61,Jasmit Bail,maanav02@example.net,Bhalswa Jahangir Pur,Assam,2024-04-17
62,Varsha Jani,ndyal@example.org,Ambarnath,Assam,2023-10-21
63,Gaurang Rai,bariahemani@example.net,Tirunelveli,Kerala,2023-12-23
64,Hemang Deo,yashodakrish@example.org,Srinagar,Madhya Pradesh,2026-02-07
65,Daksh Badami,zashilsaxena@example.net,Agra,Jharkhand,2025-05-23
66,Nicholas Das,dsahni@example.org,Rohtak,Karnataka,2024-08-17
67,Ishani Ramanathan,gopal71@example.org,Vijayawada,Telangana,2024-10-02
68,Nisha Nagy,utkarsh12@example.org,Dehri,Uttar Pradesh,2024-01-26
69,Dhriti Viswanathan,harshil66@example.org,Ramagundam,Arunachal Pradesh,2023-06-25
70,Kabir Mittal,yashicamammen@example.com,Berhampur,Andhra Pradesh,2025-04-12
71,Chameli Venkatesh,vamakshi52@example.net,Tinsukia,Mizoram,2025-06-16
72,Triya Toor,patlasneha@example.com,Nanded,Kerala,2026-06-15
73,Rehaan Rege,choudhuryzaid@example.org,Parbhani,Mizoram,2025-04-26
74,Jackson Grewal,vedikaraju@example.net,Berhampore,Gujarat,2025-08-05
75,Rayaan Mody,bishakhachawla@example.com,Uluberia,Madhya Pradesh,2024-07-04
76,Abeer Sachar,urvi03@example.org,Panchkula,Sikkim,2024-07-22
77,Yasti Walia,hemalmani@example.org,Sri Ganganagar,Uttar Pradesh,2023-07-29
78,Xavier Tiwari,vermavritti@example.org,Deoghar,Tripura,2026-02-16
79,Aarav Mangat,chakradev92@example.com,Chandrapur,Madhya Pradesh,2024-08-29
80,Qabil Kashyap,gouryatan@example.net,Cuttack,Tripura,2025-05-30
81,Pranit Ratta,naveensawhney@example.org,Motihari,Punjab,2023-08-31
82,Bina Seth,ravipriya@example.org,Srikakulam,Manipur,2024-08-17
83,Vasudha Mohanty,vgour@example.org,Jammu,Jharkhand,2025-06-14
84,Aahana Sanghvi,pantosha@example.com,Buxar,Andhra Pradesh,2025-04-21
85,David Patel,bmisra@example.net,Tezpur,Haryana,2025-06-21
86,Charvi Mann,turvi05@example.com,Dehradun,Tripura,2023-08-09
87,Veda Anand,balaarin@example.org,Nanded,Meghalaya,2025-12-15
88,Veer Shroff,fnarain@example.org,Mathura,Telangana,2025-07-27
89,Peter Bhatnagar,ekanshvarma@example.com,Aurangabad,Andhra Pradesh,2025-07-16
90,Joshua Chopra,chatreshdasgupta@example.org,Bhilwara,Madhya Pradesh,2023-08-16
91,Max Korpal,sudikshasabharwal@example.org,Hosur,Jharkhand,2026-04-21
92,Banjeet Mannan,falaksodhi@example.com,Anantapuram,Meghalaya,2024-08-25
93,Pranit Mohanty,oben@example.org,Junagadh,Uttarakhand,2024-01-29
94,Oeshi Purohit,meghanaparsa@example.net,Coimbatore,Rajasthan,2023-09-29
95,Sudiksha Jayaraman,irajagopalan@example.org,Proddatur,Uttar Pradesh,2025-06-01
96,Isha Ramanathan,fitansuri@example.com,Bareilly,West Bengal,2025-11-20
97,Avni Vora,ikbal12@example.org,Barasat,Assam,2023-12-01
98,Oscar Barad,abhagoyal@example.net,Satna,Jharkhand,2023-11-05
99,Veda Gill,hemanginibanerjee@example.org,Howrah,Kerala,2024-04-04
100,Aahana Rattan,kdara@example.org,Motihari,Uttarakhand,2024-12-31
101,Tamanna Saini,jasonsabharwal@example.com,Faridabad,Karnataka,2024-07-05
102,Aarini Bassi,forumdate@example.org,Nangloi Jat,Maharashtra,2023-10-09
103,Sara Deshmukh,krish50@example.org,Gorakhpur,Haryana,2024-01-01
104,Hemangini Grewal,ypal@example.org,Rajahmundry,Assam,2024-10-23
105,Amol Mital,xdass@example.org,Srinagar,Odisha,2025-03-21
106,Adweta Brar,kondachaitanya@example.com,Kadapa,Assam,2025-10-20
107,Warjas Bajwa,shankerudyati@example.net,Khora ,Gujarat,2026-01-19
108,Jeevika Lata,chandresh61@example.com,Amaravati,Manipur,2023-08-06
109,Bhanumati Char,emitra@example.net,Srinagar,Nagaland,2023-09-06
110,Chandran Vyas,jyoti23@example.com,Chapra,Madhya Pradesh,2026-02-23
111,Liam Ghose,rminhas@example.org,Imphal,Chhattisgarh,2026-04-24
112,Ati Kale,cvasa@example.net,Amroha,Odisha,2026-01-18
113,Anamika Bhasin,xiti01@example.org,Ulhasnagar,Goa,2023-09-03
114,Neha Luthra,memonabha@example.com,Malda,Tamil Nadu,2026-03-21
115,Leena Sama,william82@example.org,Nandyal,Nagaland,2024-04-02
116,Mohammed Swaminathan,obumb@example.com,Ballia,Nagaland,2025-03-13
117,Aradhana Mane,hiralram@example.com,Jorhat,Madhya Pradesh,2023-09-08
118,Maanas Tripathi,dhawanwriddhish@example.com,Guwahati,Manipur,2024-11-03
119,Banjeet Badal,oliverwali@example.com,Nandyal,Manipur,2025-09-13
120,Agastya Buch,jsabharwal@example.com,Saharanpur,Odisha,2025-10-24
121,Ikbal Bhatt,dshetty@example.net,Nagercoil,Goa,2023-10-17
122,Meghana Ganguly,whayer@example.org,Hajipur,Maharashtra,2025-09-26
123,Yagnesh Rao,deshmukhriya@example.com,Kozhikode,Punjab,2025-05-27
124,Aadi Natarajan,chauhanlakshit@example.com,Motihari,Uttar Pradesh,2026-03-10
125,Anmol Varghese,warindermanda@example.org,Rourkela,Assam,2023-11-14
126,Gopal Zachariah,rajeshrikuruvilla@example.com,Bangalore,Manipur,2024-01-15
127,Amruta Gara,wallawazir@example.org,Bihar Sharif,Andhra Pradesh,2025-07-09
128,Indrajit Bajwa,pratyush03@example.com,Sambalpur,Kerala,2025-12-04
129,Gabriel Karan,gaurangi19@example.net,Bidhannagar,Nagaland,2026-04-28
130,Ekanta Sant,mallharish@example.com,Moradabad,Bihar,2024-12-23
131,Daksh Ramakrishnan,radhagara@example.org,Udaipur,West Bengal,2025-02-18
132,Dalaja Bhatia,shivansh53@example.net,Warangal,Goa,2024-02-24
133,Theodore Singh,ekanimody@example.com,Arrah,Manipur,2025-01-20
134,Bimala Rai,raaginirandhawa@example.org,Alappuzha,Mizoram,2024-06-06
135,Kamala Sathe,nsubramanian@example.com,Farrukhabad,Madhya Pradesh,2023-09-18
136,Kashish Bhattacharyya,annesamar@example.org,Barasat,Sikkim,2026-05-17
137,Nidhi De,aarini32@example.org,Sambalpur,Tripura,2023-07-21
138,Chaitaly Shankar,atibarad@example.com,Amritsar,Assam,2023-10-26
139,Peter Deep,isoman@example.com,Bikaner,Punjab,2025-01-27
140,Pranav Muni,patilekani@example.net,Nagpur,Chhattisgarh,2025-06-02
141,Ayaan Sandal,voranaksh@example.org,Tezpur,Assam,2023-11-19
142,Laksh Issac,jkrishnan@example.net,Chandrapur,Punjab,2023-10-24
143,Hemal Prabhakar,zaitra09@example.com,Unnao,Karnataka,2025-09-11
144,Fariq Aggarwal,geraaadhya@example.net,Satna,Uttarakhand,2023-12-17
145,Lajita Guha,varmaakshay@example.net,Raiganj,Haryana,2026-03-09
146,Ubika Behl,jchana@example.com,Gangtok,Maharashtra,2026-06-03
147,Yadavi Prabhakar,uparekh@example.com,Mirzapur,Chhattisgarh,2024-07-08
148,Yauvani Parsa,hanscharvi@example.org,Bhind,Odisha,2024-02-19
149,Amruta Andra,balayauvani@example.com,Chinsurah,Rajasthan,2023-10-30
150,Ayushman Sankar,barkha89@example.com,Vadodara,Karnataka,2025-02-27
151,Jatin Sethi,veer39@example.net,Rajkot,Bihar,2023-07-30
152,Nilima Bajaj,anmol38@example.net,Satna,Tripura,2025-01-09
153,Anirudh Parikh,ydass@example.com,Durgapur,Meghalaya,2024-11-21
154,Kavya Khatri,bkrishnan@example.net,Jaunpur,Goa,2023-10-07
155,Anay Datta,omahajan@example.com,Unnao,Himachal Pradesh,2025-03-26
156,Odika Arora,tarak26@example.org,Bhubaneswar,Rajasthan,2025-09-07
157,Gabriel Bobal,vedanarayan@example.com,Visakhapatnam,Andhra Pradesh,2025-12-16
158,Ucchal Dhar,oviyasodhi@example.org,Munger,Haryana,2024-04-24
159,Tejas Bahri,gsura@example.org,Chittoor,Mizoram,2023-11-05
160,Zehaan Wali,girikbadami@example.net,Aizawl,Assam,2023-10-03
161,Farhan Butala,onkar38@example.com,Udaipur,Karnataka,2024-08-28
162,Sanya Yadav,jasmit20@example.org,Alwar,Kerala,2023-09-03
163,Madhav Palla,xkaul@example.com,North Dumdum,Rajasthan,2024-12-05
164,Faraj Kar,keerjanuja@example.com,Tiruppur,Haryana,2025-06-10
165,Adweta Dutt,ubikaarya@example.net,Ahmednagar,Jharkhand,2025-12-19
166,Veer Viswanathan,wriddhishcontractor@example.net,Ambattur,Maharashtra,2023-12-29
167,Lila Balan,purohitturvi@example.org,Vellore,Tamil Nadu,2024-05-06
168,Wakeeta Korpal,shaomisha@example.org,Bhimavaram,Himachal Pradesh,2025-02-09
169,Barkha Toor,swaminathanvasana@example.net,Noida,Gujarat,2025-09-06
170,Ansh Devi,tarakdave@example.net,Kozhikode,Bihar,2023-08-15
171,Nathaniel Nigam,deshmukhmeghana@example.org,Madurai,Gujarat,2025-02-19
172,Qadim Sood,lohittailor@example.net,Bongaigaon,Kerala,2025-03-03
173,Hemal Kade,rbalasubramanian@example.org,Ramagundam,Manipur,2023-09-04
174,Adya Bumb,tripathiharsh@example.com,Bokaro,Karnataka,2025-11-10
175,Udyati Gola,jaiparekh@example.org,Srinagar,Tamil Nadu,2024-05-03
176,Mekhala Sanghvi,wyattgera@example.net,Gaya,Telangana,2025-01-30
177,Yachana Walla,udhaliwal@example.net,Hospet,Sikkim,2024-12-02
178,Sai Nigam,omaja70@example.net,Bally,Jharkhand,2023-10-07
179,Siddharth Mani,kaladube@example.org,Purnia,Meghalaya,2025-07-12
180,Arjun Naik,neharay@example.org,Ballia,Punjab,2024-05-17
181,Zehaan Savant,korpalnathaniel@example.net,Silchar,Rajasthan,2026-03-14
182,Nirja Das,michael13@example.org,Jodhpur,Goa,2024-09-21
183,Arunima Shanker,kashvi23@example.org,Tiruchirappalli,Arunachal Pradesh,2026-05-12
184,Tripti Sood,dixitkrishna@example.org,Mirzapur,Uttarakhand,2025-09-17
185,Hredhaan Vasa,zbajaj@example.org,Kollam,Mizoram,2025-10-13
186,Jack Tata,kariekani@example.org,Eluru,Rajasthan,2026-03-07
187,Nitesh Mani,faraj56@example.com,Alwar,Madhya Pradesh,2024-11-22
188,Daniel Dutta,sainihitesh@example.com,Buxar,Rajasthan,2024-09-13
189,Champak Gola,jtata@example.com,Kharagpur,Uttarakhand,2024-02-17
190,Dalaja Ram,guptavansha@example.net,Loni,Tripura,2023-07-23
191,Baljiwan Yogi,bpalla@example.com,Hospet,Maharashtra,2025-01-10
192,Reva Parmar,varughesechandani@example.net,Kirari Suleman Nagar,Maharashtra,2024-05-14
193,Faraj Dara,lcherian@example.org,Amritsar,Chhattisgarh,2024-05-17
194,Janya Rattan,alexander77@example.com,Parbhani,Andhra Pradesh,2024-05-12
195,Ekavir De,mdate@example.com,Panipat,Meghalaya,2026-01-27
196,Advika Rout,nihalkeer@example.org,Nanded,Uttarakhand,2024-03-29
197,Andrew Dhar,aagarwal@example.org,Dewas,Manipur,2024-05-05
198,Barkha Gour,qkrish@example.org,Maheshtala,Manipur,2026-04-19
199,Rehaan Rattan,racharya@example.org,Sangli-Miraj & Kupwad,Mizoram,2025-11-19
200,Karan Ahuja,robert11@example.com,Mysore,Sikkim,2025-03-07
201,Ayaan Golla,kotharinilima@example.com,Udupi,Gujarat,2025-05-17
202,Omisha Atwal,ekapaddas@example.com,Hubli–Dharwad,Punjab,2024-12-06
203,Radhika Sandhu,aarnabhalla@example.org,Khora ,Kerala,2025-01-13
204,Veer Bath,bhavsarsanaya@example.org,Jalgaon,Bihar,2024-03-21
205,Aarna Chakrabarti,balhaarbir@example.net,Adoni,Kerala,2024-11-09
206,Ubika Balan,krishna09@example.org,Gopalpur,Tamil Nadu,2025-01-01
207,Rachit Devi,aryan52@example.com,Phagwara,Sikkim,2024-05-18
208,Raagini Chatterjee,spingle@example.net,Karawal Nagar,Madhya Pradesh,2024-01-05
209,Inaya Devi,harishwali@example.com,Coimbatore,Punjab,2024-03-22
210,Gautam Ganesan,chaaya18@example.org,Vijayawada,Rajasthan,2025-09-28
211,Aayush Tripathi,onkarkarnik@example.net,Saharsa,Sikkim,2025-08-30
212,Chakrika Narang,pushti55@example.com,Jodhpur,West Bengal,2024-05-19
213,Qadim Konda,charitadhawan@example.net,Jalgaon,Assam,2024-02-09
214,Widisha Gulati,ekaraj81@example.com,Vasai-Virar,Bihar,2023-12-12
215,Peter Chaudhry,nathankorpal@example.org,Singrauli,Haryana,2025-01-06
216,Hiral Balakrishnan,unnati55@example.com,Mira-Bhayandar,Tamil Nadu,2024-05-16
217,Rachit Sundaram,acheema@example.com,Bardhaman,Andhra Pradesh,2024-03-20
218,Edhitha Bhatnagar,nikita09@example.com,Mathura,Punjab,2024-04-27
219,Nitesh Virk,edhithakhare@example.net,Bahraich,Kerala,2026-02-13
220,Saksham Padmanabhan,udyati71@example.org,South Dumdum,Goa,2025-08-10
221,Champak Nagi,barkharatti@example.org,Motihari,Madhya Pradesh,2024-04-28
222,Anya Bhatnagar,gilltheodore@example.org,Gaya,Sikkim,2026-05-14
223,Pavani Gokhale,banjeet63@example.org,Gwalior,Telangana,2023-08-22
224,Hritik Bava,wgoyal@example.org,Silchar,Punjab,2026-04-20
225,Omkaar Kara,guptavivaan@example.org,Hindupur,Karnataka,2023-09-13
226,Gaurang Acharya,jacobsuri@example.net,Surat,Andhra Pradesh,2024-12-11
227,Omya Maharaj,kseth@example.net,Alappuzha,Tripura,2025-03-21
228,Yash Vora,kuriananay@example.net,Sultan Pur Majra,Manipur,2024-11-28
229,Amruta Chand,zaid61@example.com,Morbi,Nagaland,2024-02-12
230,Faqid Dua,dasradhika@example.com,Tinsukia,Uttar Pradesh,2025-12-14
231,Advik Kota,anamika54@example.org,Aligarh,Punjab,2026-04-28
232,Raghav Garde,wmital@example.com,Nangloi Jat,Punjab,2025-02-15
233,Meera Lall,rudra95@example.net,Ahmednagar,Uttar Pradesh,2024-02-29
234,Logan Sood,ronithsharaf@example.net,Jalna,Uttar Pradesh,2025-11-19
235,Peter Bhatti,ujohal@example.org,Loni,Uttarakhand,2023-09-26
236,Charvi Handa,bahadurjit59@example.net,Mehsana,Kerala,2025-12-24
237,Chanakya Arya,michaelwagle@example.net,Darbhanga,Tripura,2024-08-22
238,Raghav Hayer,laban70@example.com,Bhagalpur,Assam,2024-04-19
239,Leela Randhawa,khalsaoni@example.com,Hajipur,Tamil Nadu,2024-02-13
240,Tara Badal,imaranreddy@example.net,Phagwara,Himachal Pradesh,2024-02-09
241,Pranit Shukla,arin99@example.org,Shivpuri,Bihar,2026-01-20
242,Nitara Dutta,zashil73@example.com,Kanpur,Goa,2026-02-26
243,Chanakya Walia,jraja@example.net,Muzaffarpur,Nagaland,2023-10-28
244,Dhriti Murthy,lekhaperi@example.net,Ichalkaranji,Odisha,2023-07-01
245,Xiti Agrawal,kai38@example.net,Amravati,Tamil Nadu,2025-02-05
246,Sai Swamy,raagini45@example.com,Bulandshahr,Manipur,2025-01-15
247,Varsha Kari,gaganmohanty@example.net,Jabalpur,Uttar Pradesh,2024-08-29
248,Matthew Sen,chaudharyunni@example.com,Malegaon,Meghalaya,2024-05-07
249,Pushti Suresh,radhika87@example.net,Kolkata,Maharashtra,2024-08-23
250,Ekbal Kade,swaminathanshaurya@example.net,Dewas,Uttarakhand,2024-05-06
251,Ansh Bedi,vasatika27@example.net,Jodhpur,Tripura,2026-05-23
252,Lakshmi Dave,harshilraj@example.com,Coimbatore,Tripura,2026-05-14
253,Triveni Kapoor,vasudha86@example.com,New Delhi,Rajasthan,2023-09-09
254,Ojas Kalita,kadakiaamol@example.net,Rajpur Sonarpur,Nagaland,2025-01-19
255,Balendra Dhawan,aachaldhar@example.net,Bijapur,Tamil Nadu,2023-07-07
256,Chasmum Mody,zachariahdamini@example.net,Bhiwandi,Telangana,2024-03-05
257,Jason Babu,fbhatt@example.net,Vijayawada,Andhra Pradesh,2024-06-15
258,Mohini Mane,hitesh55@example.com,Amravati,Goa,2025-01-30
259,Sarthak Dalal,psen@example.net,Suryapet,Gujarat,2025-09-01
260,Ekantika Ratti,sarafsathvik@example.com,Surendranagar Dudhrej,Gujarat,2025-10-15
261,Pallavi Muni,ekaraj68@example.net,Dhanbad,Punjab,2025-05-27
262,Lakshmi Balakrishnan,qmann@example.net,Jammu,Rajasthan,2026-06-12
263,Leena Nori,dewanavi@example.net,Chennai,Telangana,2025-09-25
264,Rajeshri Lad,gabrielsom@example.net,Jabalpur,West Bengal,2024-06-05
265,Girindra Arora,omishabawa@example.com,Jaunpur,Himachal Pradesh,2024-06-18
266,Brinda Ravel,advay25@example.net,Alappuzha,Madhya Pradesh,2026-04-06
267,Onveer Natt,shravya70@example.com,Rourkela,Nagaland,2025-10-19
268,Sarthak Sura,groverudyati@example.net,Fatehpur,Telangana,2025-07-11
269,Yuvraj Ben,esankaran@example.net,Kadapa,Bihar,2025-12-29
270,Advaith Chowdhury,qsunder@example.com,Karaikudi,Haryana,2025-12-02
271,Qarin Mandal,darpan82@example.net,Patna,Gujarat,2024-08-11
272,Anusha Rana,tpillai@example.com,Motihari,Manipur,2024-03-24
273,Arunima Mahal,doctorharita@example.net,Sasaram,Jharkhand,2025-10-01
274,Ojas Dar,lokeekani@example.net,Agartala,Maharashtra,2025-04-12
275,Bhavani Prabhakar,abhirammahajan@example.com,Bhubaneswar,Tamil Nadu,2025-11-22
276,Turvi Sha,champak17@example.net,Ambarnath,Tamil Nadu,2026-05-14
277,Kalpit Sama,manan19@example.com,Bardhaman,Punjab,2025-08-24
278,Hemang Banik,bachittarsuresh@example.com,Bharatpur,Bihar,2024-02-02
279,Faraj Issac,uupadhyay@example.org,Mumbai,Jharkhand,2025-08-23
280,Christopher Nadkarni,fchahal@example.org,Gandhinagar,Gujarat,2025-05-28
281,Siddharth Ghosh,parekhlavanya@example.net,Nashik,Odisha,2026-02-15
282,Jeevika Master,deepadugar@example.net,Bikaner,Madhya Pradesh,2024-04-23
283,Triya Prakash,palneha@example.org,Bhubaneswar,West Bengal,2024-03-27
284,Falak Mane,kantfrederick@example.com,Sultan Pur Majra,West Bengal,2023-12-14
285,Deepa Nagarajan,isodhi@example.net,Motihari,Chhattisgarh,2025-04-10
286,Hitesh Thaman,aashilad@example.com,Firozabad,Odisha,2024-12-25
287,Oviya Kumer,ganesanlajita@example.org,Pallavaram,Maharashtra,2023-09-04
288,Aarini Gara,fgrewal@example.com,Jamnagar,Tripura,2026-02-09
289,Ijaya Sastry,lmore@example.net,Raipur,West Bengal,2025-01-30
290,Pahal Mahal,bassiijaya@example.com,Junagadh,Karnataka,2025-02-12
291,Kavya Mangat,madhavigoswami@example.com,Mangalore,Meghalaya,2024-04-24
292,Finn Varghese,yadavimital@example.net,Jorhat,Karnataka,2023-12-17
293,Isaiah Dixit,maanavcheema@example.com,Sri Ganganagar,West Bengal,2024-05-16
294,Qarin Mishra,oeshi61@example.org,Jamshedpur,Telangana,2025-09-03
295,Yasti Borah,qushiloyal@example.net,Siliguri,Telangana,2025-03-14
296,Gavin Batra,choudhrynisha@example.com,Mau,Rajasthan,2025-01-30
297,Jalsa Pillai,jackrama@example.org,Singrauli,Bihar,2024-09-22
298,Niharika Varghese,veerbora@example.com,Bellary,Madhya Pradesh,2025-07-31
299,Amrita Luthra,goyalupkaar@example.net,Panchkula,Arunachal Pradesh,2024-11-09
300,Ekavir Balasubramanian,nchad@example.com,Gudivada,Mizoram,2025-08-11
301,Faraj Sidhu,vermachakradev@example.org,Narasaraopet,Manipur,2024-11-14
302,Shaurya Agate,cbadami@example.org,Loni,Punjab,2025-01-22
303,Harini Sarin,owenbadal@example.net,Pallavaram,Uttar Pradesh,2023-11-02
304,Divya Dayal,hsheth@example.com,Phusro,Rajasthan,2024-11-09
305,Bhavini Jha,chandanicholas@example.org,Munger,Rajasthan,2023-09-29
306,Ranbir Nagi,bathleela@example.org,Tadipatri,Meghalaya,2025-02-17
307,Reyansh Varma,geetika00@example.org,Anantapuram,Sikkim,2024-10-09
308,Chatura Dixit,dhruvtailor@example.com,Vadodara,Karnataka,2024-11-01
309,Orinder Krishnamurthy,ekbal62@example.com,Bally,Rajasthan,2023-12-01
310,Nidra Kulkarni,balendrabava@example.net,Gandhidham,Chhattisgarh,2026-04-19
311,Nilima Devan,baghyawati79@example.net,Asansol,Arunachal Pradesh,2024-08-24
312,Forum Gaba,teerth86@example.com,Hajipur,Sikkim,2025-06-09
313,Indrajit Nadkarni,meghanasaini@example.com,Hajipur,Assam,2024-06-29
314,Zinal Hegde,aayush98@example.org,Ambala,Meghalaya,2023-12-29
315,Krisha Pandey,jcontractor@example.net,Jalna,Gujarat,2025-01-04
316,Atharv Seshadri,ktripathi@example.com,Mumbai,Assam,2024-03-08
317,Teerth Goswami,eta81@example.org,Erode,Tripura,2024-02-13
318,Manan Agrawal,amol70@example.com,Munger,Uttarakhand,2023-10-09
319,Jason Vala,xshetty@example.com,Motihari,Kerala,2023-12-29
320,Pushti Golla,nhayer@example.net,Sultan Pur Majra,Maharashtra,2026-06-10
321,Meera Kade,ekantakala@example.net,Arrah,Kerala,2025-05-14
322,Omisha Rajagopal,tatasaumya@example.net,Uluberia,Arunachal Pradesh,2025-04-09
323,Azad Zachariah,yauvani18@example.net,Shahjahanpur,Sikkim,2025-09-13
324,Elijah Parmer,qabilbakshi@example.com,Shimoga,Karnataka,2023-10-04
325,Upma Soni,pranit99@example.com,Tirupati,Haryana,2025-04-23
326,Faqid Rattan,gbava@example.org,Bokaro,West Bengal,2023-08-05
327,Jeevika Dada,pchopra@example.org,Rohtak,Uttarakhand,2026-05-27
328,Leena Bawa,capte@example.net,Buxar,Nagaland,2025-09-18
329,Ishita Nagar,champakkar@example.net,Srinagar,Rajasthan,2025-11-05
330,Zashil Sharma,aarna89@example.net,Kozhikode,Gujarat,2023-08-30
331,Gopal Tata,orinderdalia@example.com,Hazaribagh,Tripura,2024-05-13
332,Aarini Varma,ishwarghose@example.com,Machilipatnam,Assam,2025-10-17
333,Aradhana Lata,benjaminkant@example.com,Jamalpur,Arunachal Pradesh,2025-02-07
334,Wriddhish Kant,rudrakanda@example.com,Cuttack,Jharkhand,2025-05-09
335,Onkar Mistry,raksharamaswamy@example.com,Shahjahanpur,Bihar,2023-09-21
336,Harita Garde,uppalkamala@example.net,Naihati,Chhattisgarh,2023-11-08
337,Zinal Pandey,vwarrior@example.org,Raichur,Assam,2024-01-07
338,Chakrika Talwar,fsethi@example.com,Thiruvananthapuram,Nagaland,2025-01-01
339,Jack Amble,ybala@example.com,Sangli-Miraj & Kupwad,Madhya Pradesh,2023-09-15
340,Sathvik Tata,virkaradhana@example.org,Proddatur,Uttarakhand,2023-12-27
341,Laksh Peri,suhaniben@example.com,Ongole,Uttar Pradesh,2025-05-17
342,Azad Badal,andraurvi@example.net,Karnal,Himachal Pradesh,2024-02-11
343,Gaurav Dube,dugarwarhi@example.com,Aurangabad,Uttarakhand,2023-11-19
344,Kai Garde,lsawhney@example.com,Ozhukarai,Nagaland,2024-04-26
345,Hamsini Sunder,mahika28@example.com,Rajpur Sonarpur,Uttar Pradesh,2024-02-20
346,Yochana Mani,jasonchakrabarti@example.net,Rajahmundry,West Bengal,2025-08-31
347,Samuel Khanna,pkhare@example.org,Nadiad,Uttar Pradesh,2023-08-23
348,Keya Upadhyay,murtypranav@example.com,Machilipatnam,Assam,2023-07-26
349,Shivansh Chana,ryangara@example.org,Dhule,Haryana,2025-12-19
350,Parth Zachariah,sarinjagat@example.org,Tinsukia,Andhra Pradesh,2024-08-07
351,Shravya Warrior,bina95@example.com,Chandrapur,Bihar,2023-06-23
352,Yash Mall,falakmagar@example.org,Surendranagar Dudhrej,Rajasthan,2025-01-15
353,Zayyan Palla,tamanna52@example.net,Chittoor,Manipur,2025-04-28
354,Nisha Menon,forumgaba@example.com,Bokaro,Telangana,2024-10-25
355,Alka Sachdeva,jmistry@example.net,Aligarh,Andhra Pradesh,2024-10-30
356,Niharika Hora,mitalqabil@example.com,Nizamabad,Tamil Nadu,2025-10-09
357,Jairaj Radhakrishnan,parekhnachiket@example.net,Gulbarga,Tripura,2024-10-02
358,Samarth Chakrabarti,xiti80@example.net,Muzaffarpur,Himachal Pradesh,2026-02-15
359,Darsh Pathak,tandonishwar@example.org,Ambala,Odisha,2026-03-06
360,Praneel Bhardwaj,isaiahkale@example.org,Amroha,Madhya Pradesh,2025-05-02
361,Ekaja Doshi,plalla@example.net,Erode,Tamil Nadu,2023-12-23
362,Amrita Kapoor,kamala35@example.com,Bareilly,Arunachal Pradesh,2023-12-04
363,Advaith Kulkarni,bobalmaanas@example.com,Ambattur,Meghalaya,2024-11-21
364,Jyoti Boase,goyaldev@example.net,Kolhapur,Chhattisgarh,2024-02-25
365,Ethan Deol,fsoni@example.net,Jaipur,Andhra Pradesh,2025-02-18
366,Idika Om,fitanmajumdar@example.com,Dehradun,Punjab,2025-07-21
367,Girik Mammen,vrittibajwa@example.net,Khammam,West Bengal,2024-07-12
368,Hritik Sehgal,magarwahab@example.org,Raiganj,Himachal Pradesh,2024-07-21
369,Aachal Kibe,nitarasura@example.net,Dehradun,Sikkim,2026-01-19
370,Kalpit Luthra,grattan@example.org,Kumbakonam,Chhattisgarh,2024-01-23
371,Karan Bora,farisjoshi@example.net,Vasai-Virar,Maharashtra,2025-03-22
372,Lakshit Badal,pandyalopa@example.org,Panvel,Sikkim,2024-07-27
373,Ekantika Varma,diptamangal@example.com,Bareilly,Uttarakhand,2025-10-09
374,Tripti Amble,chaman36@example.com,Raurkela Industrial Township,Andhra Pradesh,2023-06-21
375,Arin Dhawan,bhavini94@example.com,Kishanganj,Goa,2025-03-04
376,Chaitaly Varughese,rayaanzachariah@example.net,Jammu,Arunachal Pradesh,2025-10-18
377,Darika Dube,masonandra@example.com,Machilipatnam,Uttar Pradesh,2023-07-14
378,Nakul Khalsa,goak@example.org,Surat,Maharashtra,2024-10-19
379,Bhavna Soni,sulenikita@example.net,Bhopal,Jharkhand,2026-05-09
380,Tejas Pradhan,sachdevanathan@example.net,Surendranagar Dudhrej,Tripura,2026-03-02
381,Kamala Narain,maanav34@example.net,Barasat,Tripura,2026-03-18
382,Anjali Ganesan,wbutala@example.net,Udupi,Punjab,2025-10-28
383,Vritti Sridhar,samarth80@example.net,Ulhasnagar,Tamil Nadu,2025-07-04
384,Amruta Atwal,surmohammed@example.net,Bilaspur,Arunachal Pradesh,2024-08-29
385,Wahab Rajagopal,janidipta@example.com,Bulandshahr,Telangana,2026-04-04
386,Januja Kalla,aroraabha@example.com,Alappuzha,Arunachal Pradesh,2025-05-16
387,Shivansh Pradhan,raagini19@example.net,Bikaner,Rajasthan,2023-12-02
388,Pavani Tailor,yashawini07@example.com,Tiruppur,Nagaland,2024-12-17
389,Oscar Lad,sai69@example.com,Kavali,Sikkim,2023-12-07
390,Tanish Luthra,qaringuha@example.net,Danapur,Jharkhand,2024-06-20
391,Zaid Sami,svasa@example.net,Amritsar,Rajasthan,2023-10-21
392,Janya Bhagat,girish82@example.com,Unnao,Karnataka,2026-02-17
393,Zaid Prabhu,karnikdarpan@example.net,Saharsa,Assam,2024-02-04
394,Aishani Bala,zehaan04@example.org,Gulbarga,Sikkim,2025-02-24
395,Timothy Golla,ckeer@example.com,Haridwar,Tamil Nadu,2025-09-20
396,Chatresh Divan,zaitrashankar@example.org,Madanapalle,Telangana,2023-11-30
397,Balhaar Muni,aarnav83@example.com,Firozabad,Assam,2023-07-17
398,Azad Nath,kandagopal@example.com,Kamarhati,Punjab,2025-03-19
399,Ganga Mitter,theodore36@example.com,Thiruvananthapuram,Maharashtra,2025-01-31
400,Samuel Sachdev,nilima74@example.net,Bhilwara,Bihar,2024-05-24
401,Yutika Hari,amol65@example.net,Hajipur,Sikkim,2026-05-04
402,Anamika Khatri,harsh76@example.net,Thoothukudi,Karnataka,2023-11-12
403,Chandran Goswami,jatin32@example.org,Phagwara,Gujarat,2025-02-11
404,Garima Sood,pandyavasudha@example.org,Shimoga,Gujarat,2024-12-13
405,Christopher Kuruvilla,ohalder@example.org,Erode,Punjab,2024-09-29
406,Chaitanya Kohli,karanreddy@example.org,Visakhapatnam,Chhattisgarh,2023-10-02
407,Amruta Saha,kpillay@example.net,Aurangabad,Gujarat,2024-04-25
408,Bhavani Dar,rudrajohal@example.com,Alappuzha,Telangana,2025-03-08
409,Jagvi Bal,vigranveer@example.net,Varanasi,Tripura,2026-03-16
410,Parth Bera,maanastank@example.net,Asansol,Jharkhand,2026-05-05
411,Forum Mital,morarlakshit@example.org,Erode,Manipur,2024-06-25
412,Indira Jayaraman,nitara58@example.net,Jabalpur,Goa,2023-11-12
413,Yutika Vohra,hariniyadav@example.com,Ongole,Madhya Pradesh,2026-04-19
414,Kashish Patla,oparekh@example.net,Surendranagar Dudhrej,West Bengal,2025-06-11
415,Vedhika Chada,krishnamurthywaida@example.net,Katihar,Himachal Pradesh,2024-12-01
416,Vivaan Tripathi,gdugar@example.net,Moradabad,Karnataka,2025-03-07
417,Anika Gupta,om61@example.com,Noida,West Bengal,2026-01-14
418,Tanay Datta,jairaj03@example.org,Gandhidham,Tamil Nadu,2026-03-12
419,Nidhi Verma,kdevan@example.com,Vasai-Virar,Kerala,2023-12-24
420,Yashoda Pradhan,shenoyeshana@example.net,Kolkata,Manipur,2024-05-12
421,Lucky Sinha,narainvaishnavi@example.com,Bathinda,Tamil Nadu,2025-03-11
422,Suhani Mammen,ghegde@example.net,Warangal,Sikkim,2025-02-11
423,Maanav Sengupta,surigaurika@example.com,Phagwara,Madhya Pradesh,2023-09-28
424,Rushil Shankar,girishshan@example.net,Phagwara,West Bengal,2023-09-06
425,Jagvi Minhas,balakrishnanbahadurjit@example.org,Katihar,Maharashtra,2023-11-07
426,Mitesh Shah,subramaniamyagnesh@example.net,Rampur,Maharashtra,2026-04-30
427,Ucchal Pandey,buppal@example.com,Gandhinagar,Madhya Pradesh,2025-07-16
428,Finn Shanker,elijahkibe@example.net,Ambarnath,Himachal Pradesh,2024-04-09
429,Dhriti Bora,pedwin@example.org,Chandrapur,Himachal Pradesh,2024-09-23
430,Wriddhish Kari,atara@example.net,Hapur,Manipur,2024-04-04
431,Nihal Joshi,halderxavier@example.net,Thoothukudi,Arunachal Pradesh,2024-01-10
432,Girish Chada,ekajaparmer@example.org,Suryapet,Andhra Pradesh,2024-09-29
433,Yatan Bhatti,lopa16@example.net,Madhyamgram,Haryana,2023-09-06
434,Max Purohit,geravinaya@example.com,Nangloi Jat,Jharkhand,2024-09-15
435,Ekiya Natt,gaurangi48@example.com,Shivpuri,Sikkim,2024-03-24
436,Sanya Bawa,jagdish39@example.com,Moradabad,Himachal Pradesh,2024-01-19
437,Bahadurjit Kulkarni,mdhillon@example.com,Raiganj,Madhya Pradesh,2024-09-23
438,William Dhar,qbedi@example.net,Bhopal,Gujarat,2024-02-16
439,Balhaar Iyer,kaurora@example.net,Fatehpur,Odisha,2026-05-07
440,Jagvi Choudhary,abhathakur@example.net,Chapra,Karnataka,2024-06-27
441,Zayyan Dewan,ganesharadhana@example.com,Ajmer,Uttar Pradesh,2024-04-10
442,Zansi Varkey,reyansh26@example.org,Bahraich,Arunachal Pradesh,2026-05-12
443,Hitesh De,chauhankiaan@example.com,Panchkula,Gujarat,2024-06-02
444,Pranav Seth,ethan90@example.com,Jodhpur,Karnataka,2026-03-02
445,Raagini Gaba,thakkarishwar@example.net,Surendranagar Dudhrej,Rajasthan,2025-08-16
446,Imaran Badami,lalanamika@example.org,Bidhannagar,Mizoram,2025-04-12
447,Falguni Atwal,yashvi05@example.net,Mathura,Manipur,2025-06-14
448,Ishanvi Thaman,goelekiya@example.net,Ambala,Uttar Pradesh,2026-02-08
449,Lakshit Dora,simon00@example.com,Jalna,Odisha,2024-04-25
450,Matthew Kaul,yagnesh38@example.net,Bangalore,Madhya Pradesh,2024-08-19
451,Chaaya Prasad,raghavmohan@example.com,Bhilwara,Punjab,2023-08-06
452,Warhi Kapur,skumar@example.org,Bijapur,Maharashtra,2025-03-01
453,Aradhana Chokshi,rkeer@example.com,Kakinada,Nagaland,2025-04-05
454,Hemal Issac,amolpadmanabhan@example.org,Thiruvananthapuram,Rajasthan,2025-06-14
455,Bimala Bhakta,mannanwriddhish@example.net,Delhi,Tripura,2026-02-21
456,Netra Patla,devwalia@example.org,Jalgaon,Karnataka,2024-07-17
457,Timothy Comar,azaanbumb@example.org,Sonipat,Karnataka,2026-01-06
458,Finn Palla,vasatika14@example.com,Mirzapur,Karnataka,2025-08-25
459,Kashvi Bera,charan30@example.com,Hazaribagh,Mizoram,2025-05-28
460,Kritika Loke,aarush85@example.net,Korba,Goa,2024-04-15
461,Shivansh Deep,singhalindrajit@example.com,Jhansi,Gujarat,2024-01-22
462,Tejas Bhattacharyya,libni69@example.com,Howrah,Bihar,2024-07-28
463,Yahvi Butala,riyasabharwal@example.net,Khora ,Manipur,2025-01-12
464,Advay Chad,dewankashish@example.com,Tirunelveli,Goa,2023-06-27
465,Amara Patel,bhavsarowen@example.net,Thrissur,Tripura,2023-07-22
466,Luke Patla,odass@example.org,Pali,Himachal Pradesh,2023-06-24
467,Barkha Acharya,dmajumdar@example.com,Tiruppur,Telangana,2025-12-13
468,Isaac Raj,kchand@example.net,Karaikudi,Madhya Pradesh,2024-06-20
469,Ishaan Bora,maneshivani@example.net,Kanpur,Uttar Pradesh,2025-04-02
470,Harsh Ahluwalia,vedant61@example.org,Loni,Karnataka,2025-10-02
471,Shravya Madan,wraja@example.net,Davanagere,Gujarat,2024-03-03
472,Ikshita Chakrabarti,utkarsh29@example.org,Haridwar,Uttarakhand,2024-11-23
473,Qarin Ranganathan,warjas94@example.net,Khammam,Kerala,2024-05-22
474,Dipta Shanker,lkeer@example.org,Burhanpur,Meghalaya,2025-04-27
475,Raghav Sankaran,balveermitra@example.net,Surendranagar Dudhrej,Jharkhand,2025-06-20
476,Dev Issac,yanand@example.com,Dehradun,Telangana,2024-11-02
477,Rachana Pant,kalaxalak@example.com,Karawal Nagar,Jharkhand,2026-03-27
478,Lipika Nazareth,kashish93@example.org,Mango,Uttarakhand,2023-10-14
479,Isha Palan,shivanidora@example.net,Phusro,Jharkhand,2024-09-13
480,Gaurika Grover,amrita90@example.org,Gorakhpur,Madhya Pradesh,2025-03-17
481,Ekanta Lad,panditcaleb@example.com,Anand,Assam,2025-01-11
482,Ekantika Batta,idika86@example.org,Ballia,Andhra Pradesh,2026-04-07
483,Yauvani Chaudhari,manbir45@example.net,Ambala,Arunachal Pradesh,2023-07-12
484,Hredhaan Panchal,sagartejas@example.org,Panvel,Punjab,2026-02-24
485,Pranit Nair,ekalingakhosla@example.net,Ichalkaranji,Andhra Pradesh,2025-03-23
486,Yadavi Chakrabarti,qraghavan@example.com,Thiruvananthapuram,Haryana,2025-02-25
487,Bishakha Sastry,qnadig@example.com,Raebareli,West Bengal,2026-04-20
488,Darsh Mahajan,anmolbumb@example.com,Maheshtala,Maharashtra,2024-07-15
489,Yutika Kari,bobalnaveen@example.com,Pali,Kerala,2026-03-08
490,Qabil Shenoy,chamandass@example.com,Saharsa,Telangana,2023-11-19
491,Ladli Krishna,gayathrikonda@example.org,Surendranagar Dudhrej,Haryana,2024-10-01
492,Wyatt Oak,nigamomisha@example.com,Proddatur,Tripura,2025-11-26
493,Xavier Raj,pandyagirish@example.org,Adoni,Chhattisgarh,2025-01-07
494,Indali Behl,yutika22@example.org,Gurgaon,Tamil Nadu,2024-07-14
495,Sneha Raju,odika89@example.com,Dindigul,Manipur,2024-11-28
496,Maanav Jhaveri,crastogi@example.com,Sirsa,West Bengal,2023-07-10
497,Irya Bansal,asom@example.net,Unnao,Himachal Pradesh,2025-12-01
498,Ekiya Mutti,odikasundaram@example.com,Patna,Tamil Nadu,2024-04-27
499,Yashoda Kala,padmanabhanchakradhar@example.net,Anantapuram,Uttarakhand,2025-02-13
500,Vritti Deep,vrittimangal@example.org,Indore,Chhattisgarh,2024-01-02
501,Maya Menon,prasadakshay@example.com,Durgapur,Punjab,2026-03-24
502,Vincent Lata,fluthra@example.com,Kanpur,Chhattisgarh,2024-02-26
503,Jonathan Choudhry,pyogi@example.com,Anantapur,Chhattisgarh,2025-11-29
504,Qushi Jhaveri,xdube@example.org,Srikakulam,Punjab,2025-09-10
505,Sathvik Rajagopalan,brinda48@example.net,Kavali,Kerala,2026-03-06
506,Hemangini Babu,xkala@example.com,Sambhal,Telangana,2025-01-02
507,Gaurika Chandran,waliafalan@example.net,Vijayawada,Maharashtra,2024-09-01
508,Yachana Date,yadavichander@example.org,Ongole,Mizoram,2025-11-25
509,Balendra Dugar,lchada@example.org,Jabalpur,Karnataka,2025-05-23
510,Darpan Lad,warinder76@example.org,Pali,Tripura,2024-01-16
511,Chakradev Nagarajan,gcomar@example.com,Fatehpur,Bihar,2025-05-22
512,Arunima Bala,jalsa12@example.org,Rohtak,Madhya Pradesh,2025-06-28
513,Anusha Mishra,ryanchatterjee@example.net,Coimbatore,Gujarat,2026-03-02
514,Quincy Aggarwal,sherewakeeta@example.org,Berhampore,Uttarakhand,2025-02-12
515,Pranav Pall,masterprisha@example.net,Darbhanga,Bihar,2025-04-03
516,Ekaja Dhingra,devika96@example.org,Bhimavaram,Sikkim,2024-05-08
517,Alka Walla,edhithasarraf@example.com,Loni,Meghalaya,2024-02-28
518,Aachal Gour,ghosejanani@example.org,Sikar,Mizoram,2026-05-13
519,Zaitra Bedi,anita19@example.com,Karawal Nagar,Tripura,2025-01-17
520,Ucchal Choudhary,bandimaya@example.net,Hapur,Meghalaya,2024-03-13
521,Onkar Deshpande,jiyengar@example.org,Bhilai,Uttarakhand,2024-09-09
522,Noah Balay,edhithakarnik@example.org,Unnao,Odisha,2025-01-07
523,Dev Modi,wriddhishsandhu@example.net,Hubli–Dharwad,Tripura,2023-07-09
524,Noah Chauhan,shankashvi@example.com,Dindigul,Tamil Nadu,2023-06-29
525,Caleb Karpe,ladlibedi@example.org,Gudivada,Gujarat,2023-10-12
526,Indrajit Sridhar,azaan11@example.com,Haldia,Tripura,2024-10-30
527,Pavani Soni,trivedinaveen@example.org,Chittoor,Madhya Pradesh,2024-02-29
528,Lakshmi Bora,gsarraf@example.com,Khora ,Gujarat,2024-12-22
529,Amara Lall,rmalhotra@example.net,Kishanganj,Sikkim,2026-03-09
530,Pavani Sachdeva,chatreshkrishnan@example.com,Bahraich,Mizoram,2024-08-04
531,Vasudha Bhakta,amblemohini@example.net,Bharatpur,Gujarat,2025-03-30
532,Indrajit Borah,baradmitesh@example.com,Coimbatore,Madhya Pradesh,2025-09-28
533,Anusha Merchant,praneelborah@example.org,Kolhapur,Goa,2026-01-15
534,Ekavir Sunder,owen44@example.com,Morena,Bihar,2026-03-26
535,Vihaan Sandhu,shapushti@example.org,Jorhat,Mizoram,2025-10-02
536,Siddharth Mane,simon91@example.org,Srinagar,Tripura,2024-11-17
537,Jackson Sachdeva,oraval@example.net,Hajipur,Tripura,2023-10-09
538,Jagdish Pau,hemalmishra@example.org,Ballia,Goa,2025-04-06
539,Jatin Deshpande,dsingh@example.org,Mango,Karnataka,2023-12-26
540,Neel Chandra,udant14@example.com,Siliguri,Chhattisgarh,2025-07-09
541,Chaitanya Sarkar,sankarlohit@example.com,Varanasi,Himachal Pradesh,2023-12-10
542,Laban Bumb,mekhalachacko@example.org,Indore,Meghalaya,2023-12-23
543,Janaki Magar,riaray@example.org,Parbhani,Jharkhand,2023-06-17
544,Amruta Oak,williamratti@example.org,Gudivada,Manipur,2026-03-12
545,Deepa Pall,sureshati@example.com,Surendranagar Dudhrej,Bihar,2025-10-02
546,Pushti Goswami,kibewazir@example.net,Aurangabad,Tripura,2025-08-11
547,Ekaraj Baria,warinderprabhu@example.com,Farrukhabad,Chhattisgarh,2025-08-15
548,Yochana Bhargava,ekalinga21@example.com,Bhilwara,Assam,2025-07-26
549,Amol Nagarajan,choudharyindira@example.com,Amravati,Tripura,2025-11-13
550,Chaaya Parsa,prabhakarmekhala@example.org,Hyderabad,Jharkhand,2024-05-29
551,Maya Dugal,okumer@example.org,Ramgarh,Odisha,2025-08-14
552,Oviya Goel,rameshvincent@example.org,Begusarai,Telangana,2023-09-12
553,Deepa Munshi,magarnaveen@example.org,Bijapur,Gujarat,2023-07-20
554,Naksh Vaidya,lmistry@example.org,Jaunpur,Kerala,2023-11-10
555,Simon Khurana,uppalisaac@example.org,Raebareli,Sikkim,2024-07-12
556,Maanas Pathak,loyalayaan@example.net,Nagpur,Sikkim,2025-09-03
557,Aahana Hans,rajatakurian@example.com,Moradabad,Kerala,2024-03-02
558,Anika Ahluwalia,geetikabajwa@example.org,Jaunpur,Bihar,2025-02-03
559,Vyanjana Krishna,gkannan@example.org,Tirupati,Manipur,2024-06-11
560,Jagat Sen,bhatiadivya@example.net,Kumbakonam,Maharashtra,2025-09-15
561,Gaurangi Ghose,kamala33@example.org,Eluru,Haryana,2023-07-05
562,Keya Dube,hchatterjee@example.net,Bettiah,Uttarakhand,2026-05-26
563,Darika De,kritika92@example.org,Nandyal,Goa,2024-11-30
564,Mahika Dyal,keyabobal@example.org,Raiganj,Haryana,2024-09-02
565,Andrew Nazareth,qpanchal@example.org,Suryapet,Odisha,2023-09-13
566,Anita Date,charitaradhakrishnan@example.org,Nashik,Punjab,2026-06-10
567,Mekhala Acharya,advaithrajagopalan@example.net,Kurnool,Uttar Pradesh,2025-02-10
568,Kalpit Nayak,grastogi@example.net,Allahabad,Telangana,2023-09-16
569,Warda Parmer,dashjairaj@example.net,Bhilwara,Telangana,2023-10-26
570,Ekapad Barman,upma76@example.org,Howrah,Uttarakhand,2024-02-10
571,Anusha Kunda,mangalvihaan@example.net,Ozhukarai,Goa,2024-10-10
572,Xiti Pingle,abhargava@example.org,Chandigarh,Nagaland,2026-02-17
573,Yug Agate,diyasule@example.org,Karnal,Chhattisgarh,2024-08-27
574,Ganga Reddy,udarshkapoor@example.com,Amaravati,Himachal Pradesh,2023-11-06
575,Pranav Sarkar,kdixit@example.com,Guntur,Rajasthan,2025-10-19
576,Chameli Natt,zarnasaha@example.com,Vasai-Virar,Nagaland,2024-02-20
577,Urvashi Kohli,choudhuryvrishti@example.com,Guntur,Goa,2025-03-07
578,Anamika Lad,ijayathakkar@example.org,Ichalkaranji,Arunachal Pradesh,2025-10-16
579,Jason Oak,janujacontractor@example.org,Satna,West Bengal,2024-03-05
580,William Sehgal,joshipriya@example.net,Siwan,Kerala,2025-12-26
581,Janaki Dhillon,samarsinha@example.net,Vellore,Kerala,2026-01-17
582,Veer Balan,sbora@example.com,Gandhinagar,Karnataka,2024-10-17
583,Guneet Chad,chatreshsuresh@example.org,Nashik,Odisha,2024-06-04
584,Fiyaz Kadakia,gouradvaith@example.org,Bongaigaon,Uttarakhand,2023-09-15
585,Kala Narang,jom@example.com,Gopalpur,Haryana,2023-07-17
586,Rudra Toor,yramanathan@example.org,Saharanpur,Kerala,2025-10-07
587,Rohan Devan,gjohal@example.net,Anand,Arunachal Pradesh,2025-06-13
588,Widisha Sane,nathgauri@example.com,Vijayawada,Uttar Pradesh,2025-06-05
589,Omisha Dutta,fkrishnan@example.com,Jamalpur,Uttarakhand,2024-12-14
590,Watika Char,udyatisura@example.net,Raipur,Haryana,2025-10-26
591,Viraj Kamdar,chaitanya90@example.com,Sasaram,Uttar Pradesh,2026-03-24
592,Lopa D’Alia,ethan56@example.net,Hapur,Odisha,2025-06-26
593,Jack Kuruvilla,xbabu@example.com,Ambarnath,Manipur,2023-07-04
594,Lavanya Lata,edevi@example.org,Malegaon,Jharkhand,2024-09-08
595,Ethan Dora,wramakrishnan@example.com,Anantapur,Nagaland,2026-05-18
596,Henry Bali,pradhanaahana@example.net,Serampore,Gujarat,2023-10-07
597,Unnati Lalla,goleqabil@example.net,Katihar,Bihar,2023-10-04
598,Chakradhar Kamdar,kamyasankaran@example.net,Ongole,Uttarakhand,2024-03-05
599,Anya Majumdar,dhari@example.org,Shahjahanpur,Chhattisgarh,2026-04-20
600,Nisha Bedi,elijahpuri@example.com,Serampore,Telangana,2025-03-26
601,Kabir Bhagat,kkapoor@example.com,Adoni,Mizoram,2025-11-18
602,Vrinda Sehgal,rmitra@example.com,Moradabad,Kerala,2024-07-21
603,Harsh Tiwari,mannudyati@example.org,Narasaraopet,West Bengal,2024-01-11
604,Upma Hayre,lallekansh@example.org,Bhilwara,Sikkim,2026-04-03
605,Vedant Zachariah,krishna76@example.org,Kolhapur,Himachal Pradesh,2024-12-26
606,Ryan Nazareth,vkoshy@example.net,Howrah,Arunachal Pradesh,2023-07-13
607,Owen Wagle,degirish@example.org,Adoni,Telangana,2024-06-25
608,Hemangini Pradhan,radhakrishnanaarav@example.net,Madurai,Gujarat,2024-08-28
609,Upkaar Deep,mannanharshil@example.com,Suryapet,Jharkhand,2023-07-01
610,Ranveer Narang,igandhi@example.net,Warangal,Rajasthan,2026-02-16
611,Upadhriti Mahal,faraj77@example.com,Hospet,Uttarakhand,2024-11-30
612,Anthony Bhatt,radhikajhaveri@example.com,Pallavaram,Maharashtra,2025-03-31
613,Dhruv Natarajan,widisha77@example.net,Ajmer,Kerala,2024-07-16
614,Dalaja Pillay,htank@example.net,Gorakhpur,West Bengal,2024-02-29
615,Dhruv Lad,flall@example.org,Anand,Madhya Pradesh,2024-01-31
616,Peter Subramanian,dharmugdha@example.com,Pondicherry,Telangana,2024-03-31
617,Charita Srinivasan,xalakdeep@example.net,Aizawl,Gujarat,2024-09-28
618,Aradhana Bail,mastervrinda@example.net,Bhind,Punjab,2026-05-29
619,Urvashi Datta,cjaggi@example.com,Mira-Bhayandar,Manipur,2026-05-10
620,Oni Bhandari,manthan03@example.com,Thoothukudi,Nagaland,2024-11-13
621,Aradhana Reddy,ekta25@example.net,Maheshtala,Kerala,2023-11-01
622,Tanmayi Sridhar,smann@example.net,Bhubaneswar,Haryana,2025-11-25
623,Unnati Boase,aahanakara@example.org,Vadodara,Karnataka,2024-10-25
624,Qasim Ray,bosesudiksha@example.net,Chapra,Kerala,2024-04-22
625,Odika Sibal,kothariyuvraj@example.net,Kumbakonam,Manipur,2025-09-22
626,Peter Behl,harshil13@example.com,Tadipatri,Uttarakhand,2023-11-21
627,Gautam Kar,oliver73@example.com,Patna,Rajasthan,2025-01-08
628,Krisha Apte,jacobbhakta@example.com,Latur,Chhattisgarh,2024-03-04
629,Aarav Sarkar,sankarqasim@example.com,Jamalpur,Telangana,2024-04-26
630,Chasmum Salvi,darsh74@example.com,Solapur,Gujarat,2025-01-12
631,Zinal Dey,osavant@example.org,Varanasi,Karnataka,2023-08-02
632,Hredhaan Murthy,geetika47@example.net,Bareilly,Telangana,2024-04-21
633,Meghana Rau,wrama@example.com,Siwan,Maharashtra,2023-07-17
634,Edhitha Kala,ijain@example.com,Ramagundam,Uttar Pradesh,2023-07-17
635,Omkaar Nori,maniwarjas@example.com,Tiruvottiyur,Chhattisgarh,2024-07-15
636,Siya Padmanabhan,yutikaarora@example.net,Tadipatri,West Bengal,2026-05-06
637,Advaith Goswami,wablegautami@example.com,Uluberia,Maharashtra,2024-10-17
638,Prisha Mangat,birbalhaar@example.org,Jaipur,Assam,2023-08-25
639,Shravya Dora,vihaan97@example.com,Motihari,Himachal Pradesh,2025-11-02
640,Unni Mahajan,viraj30@example.org,Thane,Tamil Nadu,2024-09-06
641,Pooja Vora,dominicoommen@example.org,Kadapa,Haryana,2026-01-17
642,Jai Dave,dadanitara@example.net,Tirupati,Goa,2023-11-12
643,Jonathan Chadha,perimax@example.net,Ballia,Himachal Pradesh,2024-02-29
644,Ishanvi Jha,nakshpathak@example.net,Hubli–Dharwad,Tripura,2023-10-24
645,Sanya Verma,warhi90@example.net,Hazaribagh,Jharkhand,2026-05-04
646,Manan Garde,lucky76@example.org,Davanagere,Jharkhand,2024-11-01
647,Balendra Sampath,ubiswas@example.org,Panchkula,Bihar,2024-08-01
648,Garima Agate,advik28@example.org,Giridih,Assam,2025-01-31
649,Rajeshri Walla,dbrahmbhatt@example.org,Bally,Meghalaya,2025-12-09
650,Alexander Shenoy,dhillonira@example.org,Unnao,Punjab,2024-08-14
651,Zayyan Apte,nazarethkai@example.com,Karimnagar,Jharkhand,2025-03-09
652,Falan Badami,mannethomas@example.org,Surat,Gujarat,2023-08-09
653,Alka Bahri,isaiah10@example.com,Tiruchirappalli,Tripura,2024-02-02
654,Veer Pradhan,boseaarna@example.org,Vijayawada,Tamil Nadu,2024-08-10
655,Baghyawati Modi,charitaparmar@example.com,Madurai,Andhra Pradesh,2023-07-11
656,Mohini Rout,robert34@example.net,Karimnagar,Mizoram,2023-07-04
657,Sathvik Dhingra,bthaker@example.org,Panchkula,Manipur,2024-02-24
658,Nimrat Upadhyay,merchantviraj@example.com,Dhanbad,Karnataka,2024-04-09
659,Ranbir Warrior,naikmaanav@example.net,Kalyan-Dombivli,Bihar,2023-11-10
660,Jeremiah Mital,revabiswas@example.net,Shahjahanpur,Himachal Pradesh,2024-08-17
661,Indali Parikh,vnarang@example.net,Panipat,Sikkim,2023-07-16
662,Abeer Shukla,amrutaseshadri@example.com,Panchkula,Nagaland,2024-01-11
663,Owen Kashyap,vamakshi35@example.net,Bhiwandi,Uttar Pradesh,2024-04-15
664,Qabil Yogi,kaivyas@example.net,Jamalpur,Telangana,2024-06-02
665,Triveni Banerjee,abeer94@example.com,Unnao,West Bengal,2026-02-18
666,Ekanta Brar,darikamall@example.net,Sultan Pur Majra,Himachal Pradesh,2026-01-09
667,Harish Borah,bdubey@example.net,Sasaram,Tripura,2024-09-08
668,Pahal Ghosh,iyengarekanta@example.com,Hindupur,Chhattisgarh,2025-02-16
669,Oni Balan,aiyengar@example.org,Sangli-Miraj & Kupwad,Odisha,2024-11-06
670,Ekapad Kanda,vaishnaviupadhyay@example.org,Burhanpur,Telangana,2024-04-04
671,Lajita Solanki,choudharysiya@example.org,Unnao,Maharashtra,2023-11-23
672,Yachana Tiwari,dayitabaria@example.net,Thanjavur,Chhattisgarh,2025-03-06
673,Amrita Parmar,vnarula@example.org,Buxar,Telangana,2023-06-29
674,Yuvraj Krishnamurthy,benjaminsaran@example.com,Gangtok,Punjab,2024-10-02
675,Bhavna Grewal,akshay21@example.org,Chinsurah,Uttarakhand,2025-03-16
676,Yuvraj Swamy,indali09@example.net,Gorakhpur,West Bengal,2026-03-21
677,Nilima Tak,edevi@example.com,Kolkata,Sikkim,2025-03-13
678,Neha Venkataraman,kadeaarnav@example.net,Bulandshahr,Uttarakhand,2024-05-02
679,Praneel Basu,ukeer@example.com,Hapur,West Bengal,2023-12-30
680,Hema Rastogi,omsastry@example.org,Kota,Goa,2026-04-13
681,Kritika Mistry,rchatterjee@example.com,Nagaon,Meghalaya,2026-03-16
682,Udyati Majumdar,aryanmenon@example.net,Dharmavaram,Kerala,2024-10-24
683,Falak Srinivas,amara55@example.net,Kadapa,West Bengal,2025-06-08
684,Hemangini Toor,bjayaraman@example.net,Agra,Andhra Pradesh,2025-05-04
685,Girish Peri,jai73@example.net,Udaipur,Uttarakhand,2025-10-27
686,Dalbir Chopra,yogiikbal@example.org,Jamalpur,Karnataka,2023-12-19
687,Harish Krishnan,xyadav@example.org,Latur,Manipur,2024-09-28
688,Wishi Bhattacharyya,rachanawason@example.net,New Delhi,Arunachal Pradesh,2025-07-28
689,Yuvraj Arya,xsidhu@example.org,Katihar,Arunachal Pradesh,2024-12-29
690,Banjeet Nori,arunimadevi@example.com,Mangalore,Tamil Nadu,2024-12-08
691,Harita Bawa,radhikaprabhu@example.com,Nadiad,Kerala,2024-06-10
692,Mugdha Bains,lchakrabarti@example.com,Salem,Chhattisgarh,2025-05-04
693,Robert Prakash,urishillagoswami@example.com,Jorhat,Uttarakhand,2024-01-19
694,David Sharma,ladli38@example.org,Sangli-Miraj & Kupwad,Himachal Pradesh,2026-05-11
695,Hitesh Chada,gchoudhry@example.net,Sambhal,Sikkim,2023-07-03
696,Neelima Puri,tanmayiseshadri@example.net,Hajipur,Bihar,2024-10-11
697,Ekta Mangat,shravya56@example.org,Nagercoil,Jharkhand,2025-06-24
698,Aashi Mukherjee,victor73@example.net,Anantapur,Bihar,2024-03-25
699,Barkha Zachariah,upai@example.org,Rohtak,Gujarat,2024-08-08
700,Ekiya Zachariah,urvi58@example.com,Nagercoil,Uttar Pradesh,2025-01-02
701,Abeer Gole,nicholas78@example.com,Bareilly,Punjab,2024-09-10
702,Dayamai Sood,joshua49@example.com,Ambattur,Andhra Pradesh,2023-06-28
703,Osha Sahota,ksem@example.net,Junagadh,Goa,2024-06-06
704,Sai Varughese,xparmer@example.org,Amritsar,Gujarat,2025-04-08
705,Chandani Shukla,pallaaryan@example.com,Varanasi,Maharashtra,2025-12-17
706,Ekaraj Sehgal,prasaducchal@example.com,Bidar,Bihar,2025-08-17
707,Naksh Grewal,oviya67@example.com,Ahmedabad,Sikkim,2026-04-17
708,Lipika Bajwa,knadkarni@example.net,Ballia,Madhya Pradesh,2023-09-11
709,Reyansh Shroff,oscar45@example.org,Danapur,Uttar Pradesh,2023-07-16
710,Sanya Gala,chakradev92@example.net,Bhilwara,Madhya Pradesh,2026-01-26
711,Agastya Shukla,divyathaman@example.com,Mira-Bhayandar,Goa,2024-12-13
712,Alexander Saraf,bailjeremiah@example.com,Bhimavaram,Nagaland,2023-09-10
713,Geetika Gopal,deoladya@example.org,Hajipur,Karnataka,2025-02-08
714,Yasti Sathe,abhimanyubrahmbhatt@example.net,Rourkela,Madhya Pradesh,2023-09-06
715,Eshana Natt,wableupma@example.com,Visakhapatnam,Gujarat,2024-10-09
716,Abha Varma,damini10@example.org,Ongole,Tripura,2025-03-20
717,Jeevika Sankar,singhalbalendra@example.org,Malegaon,Karnataka,2026-04-19
718,Abhiram Deol,rkadakia@example.org,Mathura,Kerala,2024-05-16
719,Onveer Pai,pratyushhanda@example.net,Dindigul,Arunachal Pradesh,2024-04-07
720,Hemang Sood,tarakiaan@example.org,Guwahati,Nagaland,2023-10-24
721,Matthew Om,hiteshbanerjee@example.net,Bangalore,Arunachal Pradesh,2026-04-17
722,Vinaya Korpal,qmittal@example.net,Dharmavaram,Maharashtra,2025-10-12
723,Victor Loyal,urvashi79@example.org,Jabalpur,Punjab,2023-07-07
724,Hema Chandran,ruppal@example.org,Orai,Uttarakhand,2024-04-17
725,Faraj Saraf,ishanimander@example.org,Bettiah,Kerala,2024-05-19
726,Nachiket Dugar,brinda41@example.net,Delhi,Arunachal Pradesh,2024-04-17
727,Isaac Barad,wallatanmayi@example.com,Thrissur,Manipur,2024-05-16
728,Manya Sibal,sandalgautami@example.com,Shahjahanpur,Assam,2024-05-23
729,Bina Joshi,dhawanjhalak@example.org,Srinagar,Odisha,2023-10-28
730,Tanay Balay,anikabhatnagar@example.org,Hajipur,Odisha,2025-11-20
731,Vaishnavi Rama,gaurangi93@example.net,Anantapur,West Bengal,2025-07-29
732,Yoshita Bumb,ekiyagandhi@example.org,Vadodara,Uttar Pradesh,2024-12-20
733,Wahab Mani,jatinde@example.net,Silchar,Uttarakhand,2024-05-09
734,Yashica Chokshi,ovig@example.com,Kirari Suleman Nagar,Kerala,2025-09-13
735,Patrick Zachariah,daraurishilla@example.net,Meerut,Goa,2025-02-27
736,Nathaniel Sule,morarbhavya@example.net,Giridih,Mizoram,2026-04-26
737,Pallavi Bedi,prishamishra@example.org,Amravati,Chhattisgarh,2024-09-09
738,Karan Kapadia,balveer47@example.net,Nashik,Manipur,2026-05-02
739,Jagvi Bakshi,samarbahri@example.com,Deoghar,Kerala,2025-02-20
740,Hitesh Grewal,banerjeeidika@example.org,Kochi,Uttar Pradesh,2024-11-25
741,Nidhi Gokhale,manan19@example.com,Bhilai,Sikkim,2026-04-01
742,Zehaan Thakkar,hardik10@example.net,Alappuzha,Telangana,2024-01-21
743,Ikshita D’Alia,ssarin@example.org,Begusarai,Assam,2024-04-24
744,Ati Dugar,vbhat@example.com,Vadodara,Sikkim,2025-10-26
745,Yatin Sampath,kjoshi@example.com,Jamnagar,Maharashtra,2025-04-16
746,Warjas Karnik,kkrishna@example.net,Chittoor,Meghalaya,2025-01-02
747,Joshua Murty,ksehgal@example.com,Bahraich,Himachal Pradesh,2024-03-11
748,Simon Dada,minhasnirja@example.net,Arrah,Uttar Pradesh,2024-04-17
749,Hema Wagle,ishetty@example.net,Varanasi,Jharkhand,2024-05-03
750,Quincy Subramanian,bathchaitanya@example.com,Guntur,Odisha,2023-08-27
751,Eiravati D’Alia,ebali@example.org,Amritsar,Punjab,2024-11-17
752,Quincy Bose,somanshivansh@example.org,Bongaigaon,Karnataka,2023-11-05
753,Chandani Raval,edatta@example.net,Gorakhpur,Arunachal Pradesh,2025-05-31
754,Rohan Kanda,chanchal44@example.net,Kochi,Bihar,2023-07-04
755,Kai Bhandari,noah91@example.org,Bareilly,Punjab,2023-08-19
756,Manthan Sen,tanvi25@example.org,Bhind,Maharashtra,2024-08-14
757,Zayan Merchant,sarrafbhavani@example.net,Kolhapur,Madhya Pradesh,2024-05-27
758,Ekta Muni,anthonyrao@example.net,Nadiad,Telangana,2025-11-11
759,Chakrika Mani,harshilnaidu@example.org,Moradabad,Nagaland,2024-03-06
760,Inaya Sidhu,ira59@example.com,Chinsurah,Manipur,2024-01-09
761,Advaith Muni,masternilima@example.net,Mira-Bhayandar,Rajasthan,2025-06-03
762,Gayathri Chanda,xlad@example.net,Chapra,Uttar Pradesh,2025-11-20
763,Rachit More,charvishroff@example.org,Rajkot,Assam,2025-11-20
764,Om Konda,tristan71@example.org,Bijapur,Rajasthan,2026-04-26
765,Kashvi Padmanabhan,farasbrahmbhatt@example.org,Saharanpur,West Bengal,2025-06-02
766,Mugdha Dalal,ilad@example.com,Katihar,Manipur,2024-10-16
767,Pushti Vasa,avikuruvilla@example.com,Miryalaguda,Rajasthan,2026-04-10
768,Jai Raman,bhavini94@example.net,Howrah,Telangana,2024-06-02
769,Ansh Viswanathan,kalafalguni@example.net,Ahmedabad,Chhattisgarh,2025-05-25
770,Elijah Upadhyay,barya@example.org,Tenali,West Bengal,2024-09-17
771,Aryan Bora,triyatara@example.org,Ulhasnagar,Arunachal Pradesh,2024-12-13
772,Hemal Murty,henrymahajan@example.com,Bhimavaram,Bihar,2023-10-24
773,Nilima Wagle,chandresh64@example.com,Jalna,Uttar Pradesh,2023-11-06
774,Yadavi Chakrabarti,ubanerjee@example.net,Ambattur,Sikkim,2026-03-13
775,Dhriti Sani,ronithsankaran@example.org,Mau,Uttarakhand,2023-11-20
776,Pranit Ahuja,tjoshi@example.net,Anantapuram,Jharkhand,2025-01-31
777,Theodore Korpal,daliajhalak@example.org,Bangalore,Haryana,2023-09-04
778,Qasim Talwar,kamala30@example.com,Satna,Himachal Pradesh,2025-01-12
779,Ishani Krishnamurthy,tara91@example.com,Saharsa,Meghalaya,2024-06-12
780,Kritika Borah,matthewkadakia@example.com,Tiruppur,Madhya Pradesh,2025-03-08
781,Vanya Agrawal,fdhillon@example.com,Ulhasnagar,Mizoram,2025-04-12
782,Girish Dey,manya80@example.net,Panchkula,Chhattisgarh,2025-05-10
783,Shaurya Chakrabarti,wkarnik@example.com,Siliguri,Goa,2025-12-10
784,Girik Baria,ekiyachana@example.org,Chinsurah,Punjab,2025-01-20
785,Chandran Bumb,csaran@example.com,Begusarai,Chhattisgarh,2023-07-27
786,Elijah Nazareth,bhagatpallavi@example.org,Mirzapur,Andhra Pradesh,2026-05-06
787,Chaman Naidu,wablevanya@example.org,Pallavaram,Madhya Pradesh,2023-12-28
788,Faraj Pandey,manneazad@example.net,Korba,Kerala,2024-07-14
789,Kamya Sundaram,veerwalia@example.org,Gangtok,Sikkim,2025-08-03
790,Udant Deo,tanmayiraja@example.org,Jalandhar,Meghalaya,2025-11-09
791,Panini Varughese,tamannavig@example.org,Yamunanagar,Maharashtra,2024-02-15
792,Sai Shankar,wchahal@example.org,Jalgaon,Arunachal Pradesh,2026-05-25
793,Lakshmi Swaminathan,basuabdul@example.net,Kishanganj,Maharashtra,2024-06-08
794,Nihal Atwal,zayan14@example.net,Bhimavaram,Gujarat,2024-11-21
795,Siya Dhar,mohanyashica@example.net,Thoothukudi,Bihar,2023-11-19
796,Benjamin Raja,rauriya@example.net,Gopalpur,Karnataka,2024-07-25
797,Ayush Menon,brarrobert@example.net,Latur,Madhya Pradesh,2024-10-10
798,Nilima Keer,hardik60@example.net,Udupi,Mizoram,2026-05-10
799,Kashish Mangal,sibalhemal@example.com,Bhubaneswar,Goa,2024-11-23
800,Pushti Vig,anjali54@example.net,Giridih,Maharashtra,2023-12-05
801,Rayaan Ranganathan,mandalfitan@example.com,Jamshedpur,Haryana,2024-05-24
802,Faqid Lala,kabirmanne@example.com,Jamshedpur,Manipur,2023-10-02
803,Hema Dhar,oshachahal@example.net,Orai,Mizoram,2023-07-09
804,Warhi Puri,goelvidhi@example.com,Indore,Uttar Pradesh,2023-06-24
805,Girindra Raj,ulad@example.com,Ujjain,Karnataka,2023-09-08
806,Zashil Tank,mitalvivaan@example.net,Tadepalligudem,Kerala,2026-06-05
807,Yadavi Sheth,mananpradhan@example.org,Ulhasnagar,Tamil Nadu,2025-08-13
808,Eshana Gour,naidujalsa@example.org,Darbhanga,Sikkim,2024-01-28
809,Hritik Naidu,rajeshrikar@example.org,Thrissur,Assam,2025-04-29
810,Daksh Memon,owendua@example.org,Raebareli,West Bengal,2024-04-07
811,Nidra Tak,skuruvilla@example.net,Dharmavaram,West Bengal,2024-07-08
812,Michael Mani,krisha03@example.org,Katni,Uttarakhand,2026-05-13
813,Banjeet Tella,nadigjackson@example.org,Hajipur,Uttar Pradesh,2023-11-29
814,Chameli Chandra,diptabahl@example.org,Mau,Mizoram,2026-01-04
815,Ayushman Edwin,ucchal60@example.net,Kochi,Uttarakhand,2026-05-20
816,Raagini Barad,srivastavaamaira@example.org,Shivpuri,Haryana,2026-01-11
817,Shivansh Master,tpal@example.com,Dhule,Meghalaya,2024-06-04
818,Daksha Sundaram,ndugal@example.org,Berhampur,Tamil Nadu,2025-12-09
819,Quincy Mall,swason@example.net,Baranagar,Tripura,2025-02-12
820,Chakradev Wali,chandervrinda@example.org,Bathinda,Madhya Pradesh,2025-07-27
821,Brinda Deol,calebkrishnan@example.org,Navi Mumbai,Telangana,2025-07-20
822,Shivani Bhargava,chavvisha@example.com,Bareilly,Jharkhand,2023-06-29
823,Vrishti Dhillon,mekhalaravel@example.net,Bhiwandi,Gujarat,2025-12-13
824,Mahika Sodhi,kalaekta@example.com,Medininagar,Jharkhand,2025-05-23
825,Rishi Kota,avirk@example.org,South Dumdum,Jharkhand,2024-04-02
826,Radha Badami,nihalhayer@example.net,Firozabad,Gujarat,2023-08-19
827,Falguni Rama,sekhonelijah@example.com,Pune,Tripura,2025-04-02
828,Akshay Ghose,jmodi@example.org,Barasat,Telangana,2024-06-13
829,Onveer Goel,gaurav01@example.com,Panipat,Karnataka,2025-10-09
830,Shivani Devan,bdalia@example.org,Vasai-Virar,Madhya Pradesh,2024-10-12
831,Ekapad Wable,darpantaneja@example.net,Eluru,Punjab,2023-09-20
832,Hema Parsa,rshan@example.net,Srinagar,Telangana,2024-08-09
833,Anjali Babu,advik73@example.org,Tumkur,Gujarat,2026-06-11
834,Dayita Karpe,omkaar52@example.com,Allahabad,Karnataka,2024-08-03
835,Wishi Raj,anmol04@example.net,Sasaram,Gujarat,2025-02-22
836,Nihal Yadav,obaria@example.org,Machilipatnam,Jharkhand,2023-08-13
837,Ranveer D’Alia,onveer98@example.com,Kadapa,Rajasthan,2024-03-07
838,Nidhi Rau,karnikqushi@example.com,Satna,Goa,2023-09-20
839,Jeet Tiwari,egara@example.com,Silchar,Himachal Pradesh,2025-09-29
840,Varenya Dhaliwal,nairjhalak@example.org,Sonipat,Tripura,2025-08-05
841,Girik Dara,arin64@example.net,Chandigarh,Haryana,2025-05-28
842,Chatura Prakash,finnnarang@example.net,Bilaspur,Uttar Pradesh,2025-12-16
843,Lipika Natarajan,vyasjeremiah@example.net,Khora ,Tamil Nadu,2024-03-10
844,Bahadurjit Edwin,chakradevsinha@example.net,Mira-Bhayandar,Uttarakhand,2024-03-06
845,Niharika Sood,vrishtiandra@example.org,Bhiwani,Rajasthan,2024-08-07
846,Omisha Dasgupta,qchadha@example.com,Pondicherry,West Bengal,2023-08-27
847,Yachana Baral,csachdev@example.net,Karimnagar,Odisha,2023-07-07
848,Oeshi Swamy,bishakhanath@example.org,Bally,Uttar Pradesh,2025-05-08
849,Jason Bhasin,ztrivedi@example.net,Mau,West Bengal,2023-07-18
850,Barkha Kurian,khoslaharish@example.org,Arrah,Meghalaya,2025-07-26
851,Nitesh Bail,lekhapandey@example.com,Ambarnath,Chhattisgarh,2025-03-20
852,Chasmum Bains,dugardiya@example.org,Chapra,Telangana,2025-02-14
853,Warda Doshi,wrajagopalan@example.net,Mirzapur,Rajasthan,2024-07-25
854,Xalak Sandhu,bhagatchandresh@example.org,Miryalaguda,Nagaland,2023-11-27
855,Kevin Loyal,tripti24@example.com,Baranagar,Jharkhand,2026-03-13
856,Aadi Bail,zvarma@example.org,Bhind,Chhattisgarh,2026-04-29
857,Jason Sarin,savantluke@example.net,Navi Mumbai,West Bengal,2025-08-18
858,Watika Bal,kakargautam@example.org,Kurnool,Kerala,2023-09-08
859,Abha Agrawal,lakshitkeer@example.net,Dharmavaram,Mizoram,2025-06-30
860,Avni Varughese,oahluwalia@example.org,Davanagere,Rajasthan,2025-11-08
861,Nandini Bhattacharyya,olivermalhotra@example.org,Anantapuram,Tamil Nadu,2024-01-28
862,Maanav Mody,owason@example.org,Thoothukudi,Kerala,2023-08-17
863,Idika Chadha,tgole@example.net,Bareilly,Meghalaya,2023-07-19
864,Aayush Agate,lkala@example.com,Ramgarh,Odisha,2023-09-24
865,Kalpit Gupta,hthakur@example.com,Jammu,Odisha,2024-09-23
866,Ayush Gour,pooja53@example.net,Giridih,Himachal Pradesh,2023-07-15
867,Ria Borde,hredhaan33@example.net,Agra,Uttar Pradesh,2025-06-05
868,Christopher Das,palrudra@example.com,Morena,Uttar Pradesh,2024-08-06
869,Ikshita Balay,aishani75@example.org,Kozhikode,Chhattisgarh,2024-03-17
870,Harish Sandal,hiteshshah@example.org,Patiala,Chhattisgarh,2026-01-16
871,Urvashi Sharaf,ijayashukla@example.net,Aurangabad,Tamil Nadu,2024-11-03
872,Zansi Kata,daksha33@example.com,Kochi,Madhya Pradesh,2024-05-12
873,Upma Kale,abhimanyudugar@example.net,Dhanbad,Nagaland,2026-01-11
874,Samesh Savant,balaywyatt@example.org,Dindigul,Chhattisgarh,2023-06-22
875,Chanakya Subramaniam,vbhagat@example.net,Raebareli,Tripura,2024-02-29
876,Aayush Bajwa,anamika55@example.com,Kolhapur,Uttarakhand,2025-06-16
877,Wriddhish Oak,wrideshaurora@example.org,Kulti,Manipur,2024-12-06
878,Ekaja Nayar,saanvi69@example.net,Tinsukia,Bihar,2024-04-10
879,Aarush Oak,narayananxiti@example.org,Thane,Karnataka,2025-11-17
880,Zehaan Keer,zachariahgunbir@example.net,Munger,Tamil Nadu,2025-12-07
881,Nisha Lata,shivanshrajagopalan@example.net,Chennai,Manipur,2025-07-02
882,Aarush Apte,swagle@example.com,Ambala,Andhra Pradesh,2025-05-08
883,Zinal Amble,zaitra42@example.com,Sangli-Miraj & Kupwad,West Bengal,2024-08-20
884,Wahab Minhas,udarshkrishnan@example.net,Korba,Himachal Pradesh,2025-11-25
885,Ranbir Kala,narayananradha@example.net,Bally,Kerala,2025-08-02
886,Lucky Sengupta,pillaichatresh@example.org,Farrukhabad,Jharkhand,2026-03-17
887,Jason Doshi,jatinratti@example.org,Tinsukia,Himachal Pradesh,2026-02-15
888,Raagini Saini,anirudh11@example.com,Madurai,Uttarakhand,2025-04-21
889,Dipta Dass,omishasathe@example.com,Mahbubnagar,Karnataka,2023-11-13
890,Krish Ghose,baghyawatithakkar@example.net,Amritsar,Kerala,2024-04-10
891,Reyansh Ramakrishnan,jcontractor@example.org,Begusarai,Gujarat,2025-01-14
892,Bhavna Apte,ichokshi@example.org,Nashik,Telangana,2024-07-16
893,Aadi Dyal,muniayush@example.com,Kulti,Kerala,2025-10-12
894,Pooja Mukhopadhyay,kapadiaanmol@example.org,Khora ,Uttar Pradesh,2025-04-04
895,Hemal Shanker,guptazaitra@example.com,Dibrugarh,Haryana,2024-02-28
896,Tanmayi Taneja,bariadaksh@example.net,Khora ,West Bengal,2023-12-17
897,Neel Lad,wsridhar@example.com,Moradabad,Bihar,2024-03-22
898,Reva Walia,dhruvaggarwal@example.com,Yamunanagar,West Bengal,2025-05-10
899,Anusha Ben,udyati94@example.org,Jamshedpur,Odisha,2023-07-20
900,Aahana Deshmukh,aadinarayanan@example.org,Mau,Jharkhand,2024-11-26
901,Aishani Bava,bhavikachaudhry@example.org,Nellore,Arunachal Pradesh,2025-09-07
902,Aishani Luthra,dalajasami@example.org,Maheshtala,Maharashtra,2024-01-03
903,Vanya Sastry,kulkarnibishakha@example.org,Bellary,Assam,2025-04-24
904,Ekaraj Tank,daksh60@example.org,Dewas,Punjab,2024-02-21
905,Hema Talwar,xvenkatesh@example.org,Nellore,Kerala,2024-10-15
906,Pratyush Chander,krishzayan@example.net,Rajahmundry,Jharkhand,2024-04-05
907,Meghana Dara,vedawalla@example.com,Miryalaguda,Bihar,2024-03-25
908,Unnati Sami,aom@example.net,Navi Mumbai,Manipur,2023-10-17
909,Umang Gola,choudhuryzayyan@example.org,Malegaon,Goa,2023-07-09
910,Vinaya Dada,cgoswami@example.org,Saharsa,Karnataka,2024-12-09
911,Girish Nagarajan,osachdev@example.org,Alappuzha,Punjab,2024-02-04
912,Wridesh Raj,gmahajan@example.net,Loni,Madhya Pradesh,2023-07-21
913,Jack Ganguly,xalak42@example.net,Sikar,Odisha,2025-04-11
914,Vasatika Anand,anvi55@example.com,Thoothukudi,Rajasthan,2025-06-17
915,Zaid Munshi,kkarpe@example.com,Varanasi,Himachal Pradesh,2025-11-15
916,Harish Vohra,hvenkataraman@example.org,Imphal,Maharashtra,2023-09-28
917,Warinder Samra,mnazareth@example.net,Rajpur Sonarpur,Mizoram,2025-04-13
918,Arin Rajagopalan,salvimanthan@example.net,Sri Ganganagar,Telangana,2026-04-19
919,Chatresh Krishnan,bmital@example.org,Chandrapur,Mizoram,2026-01-07
920,Upasna Kota,ayaanpradhan@example.org,Gopalpur,Uttar Pradesh,2025-11-16
921,Darsh Dewan,tanveer08@example.org,Katni,Manipur,2025-01-19
922,Luke Prabhakar,kmanda@example.org,Bhavnagar,Kerala,2024-06-02
923,Aarna Jha,pcomar@example.org,Jamshedpur,Haryana,2025-10-04
924,Sachi Kapadia,jatin24@example.net,Hajipur,Uttarakhand,2025-03-04
925,Sathvik Sarna,ggokhale@example.org,Haridwar,Kerala,2023-11-21
926,Ishanvi Nagar,bhaktatanish@example.com,Visakhapatnam,Punjab,2024-01-20
927,Ayush Memon,abasu@example.net,Udupi,Sikkim,2025-02-23
928,Vincent Sabharwal,ssood@example.org,Akola,Bihar,2024-02-14
929,Ishaan Shah,eborra@example.net,Khandwa,Sikkim,2023-11-06
930,Yatin Prabhu,noah48@example.org,Amritsar,Tamil Nadu,2026-02-26
931,Upkaar Swamy,tsetty@example.org,Hapur,Assam,2025-10-22
932,Jagvi Sastry,wraju@example.net,North Dumdum,Uttarakhand,2025-04-14
933,Finn Kuruvilla,urvi59@example.com,Nizamabad,Punjab,2024-04-21
934,Yashodhara Amble,vprashad@example.net,Miryalaguda,Maharashtra,2025-09-15
935,Naksh Hora,iraju@example.net,Bahraich,Rajasthan,2024-05-26
936,Rishi Sanghvi,oviya11@example.org,Davanagere,Odisha,2025-04-18
937,Lipika Sawhney,guptajagat@example.net,Ghaziabad,Sikkim,2026-01-20
938,Qadim Andra,owen13@example.org,Phusro,Arunachal Pradesh,2025-01-10
939,Brijesh Mitter,jacob87@example.com,Saharanpur,Rajasthan,2023-10-30
940,Laban Gade,contractorryan@example.com,Raipur,Nagaland,2026-03-25
941,Aarav Das,nitaraiyengar@example.net,Nashik,Jharkhand,2024-12-26
942,Unnati Hegde,bishakhadave@example.net,Siliguri,West Bengal,2025-02-04
943,Diya Basu,lakshitrajagopal@example.org,Etawah,Manipur,2026-04-19
944,Rehaan Tandon,oeshi59@example.org,Chittoor,Haryana,2026-05-01
945,Ojasvi Bhagat,gautam82@example.org,Fatehpur,West Bengal,2026-02-04
946,Rudra Patla,masterchakradev@example.net,Hindupur,Bihar,2023-12-04
947,Xiti Bajaj,nchacko@example.net,Mangalore,Bihar,2025-01-20
948,Veda Ganesan,vpillai@example.net,Bhilai,Punjab,2023-10-16
949,Arjun Bansal,vivaanbath@example.net,Surat,Tamil Nadu,2025-11-04
950,Xavier Merchant,settyadvika@example.net,Dewas,Chhattisgarh,2026-01-05
951,Christopher Krishnamurthy,rbuch@example.org,Kollam,Tripura,2025-05-21
952,Yachana Varkey,mdivan@example.com,Kota,Tamil Nadu,2024-09-12
953,Upasna Kalla,daminidivan@example.net,Bathinda,Haryana,2024-06-29
954,Vinaya Naidu,memonekalinga@example.com,Bhopal,Karnataka,2024-03-18
955,Chameli Arora,darshsrivastava@example.net,Nangloi Jat,Jharkhand,2026-03-22
956,Raagini Gola,rshroff@example.org,Berhampur,Mizoram,2024-12-11
957,Daksha Bhatia,nmitra@example.org,Giridih,Nagaland,2023-09-17
958,Tanvi Dhawan,aarinivarghese@example.org,Akola,Manipur,2025-09-03
959,Janaki Dora,zsachar@example.com,Warangal,Arunachal Pradesh,2025-10-26
960,Nilima Nazareth,puritriveni@example.com,Proddatur,Jharkhand,2026-02-22
961,Ranveer Setty,vasatikadube@example.org,Ratlam,Maharashtra,2024-07-25
962,Kritika Sachdev,jseth@example.com,Malda,Bihar,2024-09-26
963,Gabriel Mall,gpalan@example.org,Morbi,Maharashtra,2025-07-12
964,Balvan Dutt,hprakash@example.com,Tenali,Madhya Pradesh,2024-02-14
965,Saksham Palla,warda40@example.net,Korba,Gujarat,2025-11-30
966,Janaki Saran,hayermitali@example.org,Surendranagar Dudhrej,Goa,2026-01-27
967,Zayyan Goyal,chatreshbath@example.org,Junagadh,Tripura,2025-04-24
968,Yashvi Wali,mkannan@example.net,Imphal,Maharashtra,2024-08-04
969,Lohit Oak,jacksonchadha@example.net,Tirunelveli,Arunachal Pradesh,2025-11-07
970,Tanmayi Rao,gauravtella@example.com,Chennai,Odisha,2023-12-15
971,Bishakha Barman,ojhaveri@example.net,Kolkata,Chhattisgarh,2023-09-03
972,Upadhriti Chakrabarti,dayaltimothy@example.org,Allahabad,Meghalaya,2025-09-14
973,Bimala Bali,kibeluke@example.net,Kota,Gujarat,2025-03-11
974,Mason Pau,dbalasubramanian@example.net,Nadiad,Andhra Pradesh,2023-11-27
975,Kevin Basu,lkade@example.org,Delhi,West Bengal,2025-02-04
976,Onveer Bains,obalasubramanian@example.net,Karimnagar,Chhattisgarh,2025-03-21
977,Banjeet Tata,yagneshgill@example.org,Chittoor,Karnataka,2024-10-16
978,Tanvi Chowdhury,ztaneja@example.com,Bhagalpur,Tamil Nadu,2023-12-07
979,Peter Naidu,narayancaleb@example.com,North Dumdum,Uttar Pradesh,2025-11-15
980,Vanya Kakar,omutti@example.org,Imphal,Maharashtra,2026-04-05
981,Vrishti Salvi,indrajit07@example.org,Tiruppur,West Bengal,2024-08-04
982,Yagnesh Agarwal,rayaanmand@example.net,Bhubaneswar,Mizoram,2024-06-22
983,Sai Arya,gautam53@example.org,Giridih,Nagaland,2025-07-14
984,Kalpit Nayar,snehasingh@example.org,Mango,Uttarakhand,2024-06-10
985,Rachita Contractor,balanyatan@example.com,Hapur,Goa,2024-06-13
986,Christopher Sabharwal,nakshsunder@example.org,Munger,Tamil Nadu,2023-07-31
987,Vrishti Sahni,tamanna19@example.com,Kamarhati,Gujarat,2025-09-16
988,Saanvi Sampath,netra80@example.net,Ulhasnagar,Uttarakhand,2025-12-21
989,Zaitra Zacharia,odika35@example.org,Bilaspur,Jharkhand,2026-05-01
990,Rayaan Sridhar,janya95@example.com,Farrukhabad,Kerala,2026-05-21
991,Tejas Sankaran,taranigam@example.net,Tezpur,Haryana,2023-11-25
992,Lakshmi Aggarwal,dharkritika@example.net,Sasaram,Bihar,2025-06-07
993,Bahadurjit Munshi,jkuruvilla@example.com,Barasat,Telangana,2024-02-09
994,Vritti Loke,baghyawati70@example.com,Berhampore,Arunachal Pradesh,2026-02-18
995,Saanvi Johal,kamalabuch@example.org,Erode,Punjab,2024-05-21
996,Falak Raju,jagrati17@example.net,Jammu,Manipur,2025-08-13
997,Bakhshi Khatri,jasmitsoman@example.net,Kollam,Maharashtra,2024-08-20
998,Daksh Mandal,dhawanshivani@example.com,North Dumdum,Tripura,2025-10-30
999,Bhanumati Kala,snayar@example.net,Bhagalpur,Haryana,2024-03-15
1000,Max Peri,tanvi67@example.net,Siliguri,Kerala,2026-05-27
